{"cameraMode":{"drawMode":0,"name":"Shaded","section":"Shading Mode"},"sceneLighting":false,"audioPlay":false,"sceneViewState":{"showFog":false,"showMaterialUpdate":false,"showSkybox":false,"showFlares":false,"showImageEffects":false,"showParticleSystems":false},"in2DMode":false,"pivot":{"x":-3.4114990234375,"y":0.2678546905517578,"z":2.6630401611328127},"rotation":{"x":0.005702074151486158,"y":0.9832907319068909,"z":-0.1792442798614502,"w":0.0312795527279377},"size":573.0454711914063,"orthographic":false}