{"cameraMode":{"drawMode":0,"name":"Shaded","section":"Shading Mode"},"sceneLighting":true,"audioPlay":false,"sceneViewState":{"showFog":false,"showMaterialUpdate":false,"showSkybox":false,"showFlares":false,"showImageEffects":false,"showParticleSystems":false},"in2DMode":false,"pivot":{"x":39.228355407714847,"y":40.59597396850586,"z":39.93476867675781},"rotation":{"x":0.017135273665189744,"y":0.9762009978294373,"z":-0.19921906292438508,"w":0.0839637964963913},"size":159.5751953125,"orthographic":false}